{"cameraMode":{"drawMode":0,"name":"Shaded","section":"Shading Mode"},"sceneLighting":false,"audioPlay":false,"sceneViewState":{"m_AlwaysRefresh":false,"showFog":true,"showSkybox":false,"showFlares":true,"showImageEffects":true,"showParticleSystems":true,"showVisualEffectGraphs":true,"m_FxEnabled":true},"in2DMode":false,"pivot":{"x":18.23935317993164,"y":16.341798782348634,"z":8.317977905273438},"rotation":{"x":-0.006590710021555424,"y":-0.3992350995540619,"z":-0.0028759101405739786,"w":0.9168294668197632},"size":0.9339746832847595,"orthographic":false}