{"cameraMode":{"drawMode":0,"name":"Shaded","section":"Shading Mode"},"sceneLighting":false,"audioPlay":false,"sceneViewState":{"m_AlwaysRefresh":false,"showFog":true,"showSkybox":false,"showFlares":true,"showImageEffects":true,"showParticleSystems":true,"showVisualEffectGraphs":true,"m_FxEnabled":true},"in2DMode":false,"pivot":{"x":18.274574279785158,"y":16.325775146484376,"z":8.31340217590332},"rotation":{"x":0.0046941740438342098,"y":-0.21841442584991456,"z":0.0010456478921696544,"w":0.9758528470993042},"size":0.9339746832847595,"orthographic":false}