{"cameraMode":{"drawMode":0,"name":"Shaded","section":"Shading Mode"},"sceneLighting":false,"audioPlay":false,"sceneViewState":{"m_AlwaysRefresh":false,"showFog":true,"showSkybox":false,"showFlares":true,"showImageEffects":true,"showParticleSystems":true,"showVisualEffectGraphs":true,"m_FxEnabled":true},"in2DMode":false,"pivot":{"x":18.992454528808595,"y":16.52254295349121,"z":8.327747344970704},"rotation":{"x":0.07747392356395722,"y":-0.13831724226474763,"z":0.010848535224795342,"w":0.9873010516166687},"size":0.8660253882408142,"orthographic":false}