{"cameraMode":{"drawMode":0,"name":"Shaded","section":"Shading Mode"},"sceneLighting":true,"audioPlay":false,"sceneViewState":{"m_AlwaysRefresh":false,"showFog":true,"showSkybox":true,"showFlares":true,"showImageEffects":true,"showParticleSystems":true,"showVisualEffectGraphs":true,"m_FxEnabled":true},"in2DMode":false,"pivot":{"x":116.70178985595703,"y":51.088470458984378,"z":35.97065353393555},"rotation":{"x":-0.20598675310611726,"y":0.11010490357875824,"z":-0.023295020684599878,"w":-0.9720841646194458},"size":11.249552726745606,"orthographic":false}