{"cameraMode":{"drawMode":0,"name":"Shaded","section":"Shading Mode"},"sceneLighting":true,"audioPlay":false,"sceneViewState":{"m_AlwaysRefresh":false,"showFog":true,"showSkybox":true,"showFlares":true,"showImageEffects":true,"showParticleSystems":true,"showVisualEffectGraphs":true,"m_FxEnabled":true},"in2DMode":false,"pivot":{"x":13.323230743408204,"y":18.329097747802736,"z":7.004194259643555},"rotation":{"x":0.07747392356395722,"y":-0.13831724226474763,"z":0.010848535224795342,"w":0.9873010516166687},"size":3.363499879837036,"orthographic":false}