{"cameraMode":{"drawMode":0,"name":"Shaded","section":"Shading Mode"},"sceneLighting":false,"audioPlay":false,"sceneViewState":{"m_AlwaysRefresh":false,"showFog":true,"showSkybox":false,"showFlares":true,"showImageEffects":true,"showParticleSystems":true,"showVisualEffectGraphs":true,"m_FxEnabled":true},"in2DMode":false,"pivot":{"x":8.270345687866211,"y":25.309585571289064,"z":-3.3813414573669435},"rotation":{"x":-0.039034754037857059,"y":-0.9566524028778076,"z":0.24510426819324494,"w":-0.1525043100118637},"size":0.1655290573835373,"orthographic":false}