{"cameraMode":{"drawMode":0,"name":"Shaded","section":"Shading Mode"},"sceneLighting":false,"audioPlay":false,"sceneViewState":{"m_AlwaysRefresh":false,"showFog":true,"showSkybox":false,"showFlares":true,"showImageEffects":true,"showParticleSystems":true,"showVisualEffectGraphs":true,"m_FxEnabled":true},"in2DMode":false,"pivot":{"x":-22.717838287353517,"y":1.3172533512115479,"z":-14.79800796508789},"rotation":{"x":-0.046812865883111957,"y":0.7061818838119507,"z":-0.046894870698451999,"w":-0.7049341797828674},"size":4.695009231567383,"orthographic":false}